Date,Prompt,Response Time (ms),Tokens Generated
2023-01-01,Generate a creative story about space travel,62,287
2023-01-02,Write a sci-fi short story set in 2050,45,361
2023-01-03,Write a poem about the future of technology,33,221
2023-01-04,Explain quantum computing in simple terms,53,290
2023-01-05,Explain quantum computing in simple terms,75,392
2023-01-06,Generate marketing copy for a new tech product,61,250
2023-01-07,Write a sci-fi short story set in 2050,87,370
2023-01-08,Describe the impact of AI on healthcare,36,373
2023-01-09,Generate marketing copy for a new tech product,96,427
2023-01-10,Outline the ethical considerations of AI,37,457
2023-01-11,Generate a creative story about space travel,98,230
2023-01-12,Generate a creative story about space travel,76,317
2023-01-13,Write a sci-fi short story set in 2050,61,307
2023-01-14,Create a recipe using plant-based ingredients,98,257
2023-01-15,Write a sci-fi short story set in 2050,52,204
2023-01-16,Generate a creative story about space travel,81,486
2023-01-17,Generate marketing copy for a new tech product,91,225
2023-01-18,Generate a creative story about space travel,61,484
2023-01-19,Outline the ethical considerations of AI,78,242
2023-01-20,Write a poem about the future of technology,80,458
2023-01-21,Write a poem about the future of technology,36,390
2023-01-22,Create a recipe using plant-based ingredients,69,373
2023-01-23,Write a poem about the future of technology,94,210
2023-01-24,Outline the ethical considerations of AI,53,301
2023-01-25,Describe the impact of AI on healthcare,97,271
2023-01-26,Write a poem about the future of technology,31,349
2023-01-27,Explain blockchain for beginners,67,314
2023-01-28,Outline the ethical considerations of AI,37,346
2023-01-29,Create a recipe using plant-based ingredients,97,257
2023-01-30,Explain blockchain for beginners,64,455
2023-01-31,Describe the impact of AI on healthcare,40,472
2023-02-01,Explain quantum computing in simple terms,42,265
2023-02-02,Explain quantum computing in simple terms,30,480
2023-02-03,Write a poem about the future of technology,97,283
2023-02-04,Outline the ethical considerations of AI,42,231
2023-02-05,Summarize the latest research on climate change,64,205
2023-02-06,Summarize the latest research on climate change,94,324
2023-02-07,Write a poem about the future of technology,70,306
2023-02-08,Explain blockchain for beginners,31,339
2023-02-09,Outline the ethical considerations of AI,33,286
2023-02-10,Outline the ethical considerations of AI,77,450
2023-02-11,Describe the impact of AI on healthcare,99,437
2023-02-12,Outline the ethical considerations of AI,41,499
2023-02-13,Describe the impact of AI on healthcare,92,362
2023-02-14,Explain quantum computing in simple terms,52,300
2023-02-15,Outline the ethical considerations of AI,72,385
2023-02-16,Describe the impact of AI on healthcare,73,302
2023-02-17,Write a poem about the future of technology,44,204
2023-02-18,Summarize the latest research on climate change,77,236
2023-02-19,Write a poem about the future of technology,46,318
2023-02-20,Generate a creative story about space travel,81,368
2023-02-21,Generate a creative story about space travel,49,408
2023-02-22,Describe the impact of AI on healthcare,90,416
2023-02-23,Generate marketing copy for a new tech product,74,318
2023-02-24,Generate a creative story about space travel,54,372
2023-02-25,Explain blockchain for beginners,86,461
2023-02-26,Summarize the latest research on climate change,86,500
2023-02-27,Generate a creative story about space travel,85,203
2023-02-28,Create a recipe using plant-based ingredients,86,276
2023-03-01,Explain blockchain for beginners,90,223
2023-03-02,Explain blockchain for beginners,87,209
2023-03-03,Generate marketing copy for a new tech product,30,427
2023-03-04,Explain quantum computing in simple terms,42,219
2023-03-05,Write a poem about the future of technology,48,486
2023-03-06,Outline the ethical considerations of AI,51,269
2023-03-07,Explain blockchain for beginners,38,342
2023-03-08,Generate a creative story about space travel,70,379
2023-03-09,Write a poem about the future of technology,83,300
2023-03-10,Explain blockchain for beginners,59,316
2023-03-11,Outline the ethical considerations of AI,88,377
2023-03-12,Explain quantum computing in simple terms,80,450
2023-03-13,Write a sci-fi short story set in 2050,82,428
2023-03-14,Explain quantum computing in simple terms,74,438
2023-03-15,Explain blockchain for beginners,91,293
2023-03-16,Create a recipe using plant-based ingredients,37,445
2023-03-17,Describe the impact of AI on healthcare,83,208
2023-03-18,Generate marketing copy for a new tech product,91,329
2023-03-19,Write a poem about the future of technology,42,318
2023-03-20,Generate marketing copy for a new tech product,94,286
2023-03-21,Explain quantum computing in simple terms,61,401
2023-03-22,Explain blockchain for beginners,90,226
2023-03-23,Generate marketing copy for a new tech product,37,453
2023-03-24,Create a recipe using plant-based ingredients,88,206
2023-03-25,Summarize the latest research on climate change,70,361
2023-03-26,Write a sci-fi short story set in 2050,89,255
2023-03-27,Outline the ethical considerations of AI,79,276
2023-03-28,Explain blockchain for beginners,57,313
2023-03-29,Create a recipe using plant-based ingredients,43,400
2023-03-30,Explain blockchain for beginners,51,461
2023-03-31,Explain blockchain for beginners,78,490
2023-04-01,Generate a creative story about space travel,71,482
2023-04-02,Explain quantum computing in simple terms,69,462
2023-04-03,Write a poem about the future of technology,83,421
2023-04-04,Explain quantum computing in simple terms,97,325
2023-04-05,Summarize the latest research on climate change,41,500
2023-04-06,Explain quantum computing in simple terms,61,304
2023-04-07,Write a sci-fi short story set in 2050,57,238
2023-04-08,Write a poem about the future of technology,38,465
2023-04-09,Generate marketing copy for a new tech product,77,296
2023-04-10,Create a recipe using plant-based ingredients,55,306
